date,customer_id,product,price,quantity,coupon_code,shipping_city,country,total_price
2024-10-19,8be304df-4697-4f40-9f57-5d849fe3947c,Smartphone,699.99,3,,Calgary,Canada,2099.97
2025-01-04,124f4ee9-b31b-4c15-a22c-21fd2a263098,Monitor,249.99,2,20OFF,Ottawa,Canada,499.98
2024-08-18,fcaac143-fab7-494a-b400-cf3e2f6d6d07,Laptop,999.99,6,NO_CODE,Leeds,UK,5999.94
2025-01-03,bf0df2a4-d230-4113-8150-e0f6e8688588,Smartphone,699.99,8,,Manchester,UK,5599.92
2025-05-14,e5fd8e69-dfb9-4e37-a434-22369473cad9,Monitor,249.99,7,10OFF,New York,USA,1749.93
2024-05-31,a02a8319-5f2e-49b5-af19-5b79412a050b,Smartphone,699.99,3,NO_CODE,London,UK,2099.97
2025-02-22,7955d9b1-97c7-48c1-96e7-f12cd511f61f,Monitor,249.99,7,20OFF,Houston,USA,1749.93
2024-06-13,2f2f9dd4-3aa3-4fd0-ac57-e47578c66ef1,Smartphone,699.99,5,FREESHIP,Montreal,Canada,3499.95
2024-07-28,41c6b433-58f1-4cdf-9872-31bf8049e3a8,Headphones,149.99,5,NO_CODE,Houston,USA,749.95
2025-04-19,798de1c5-1027-46fa-9c35-c3718a8810f1,Smartphone,699.99,4,,London,UK,2799.96
2024-06-15,f039e230-dd9a-4cb0-b614-5fe095059a55,Keyboard,89.99,1,10OFF,Los Angeles,USA,89.99
2024-12-27,915fdcb0-645e-475f-bbb3-4fa1425a46ad,Laptop,999.99,9,NO_CODE,Glasgow,UK,8999.91
2024-10-01,47275290-b337-4dca-a8a7-0acf6269236a,Laptop,999.99,8,FREESHIP,Montreal,Canada,7999.92
2025-03-01,0d22ce65-a96a-4903-84b1-fe82f54ee343,Keyboard,89.99,7,10OFF,London,UK,629.93
2025-01-07,3870aecd-0fa0-406c-9639-0a104b00640c,Laptop,999.99,10,20OFF,Houston,USA,9999.9
2024-09-13,4ec1791f-d021-45e3-ab10-72b2bab94433,Monitor,249.99,4,NO_CODE,Ottawa,Canada,999.96
2024-10-03,5b211de6-28f8-447d-a167-0d2441d09d32,Headphones,149.99,6,10OFF,Houston,USA,899.94
2024-07-30,956c0f47-3539-45c7-ae1f-b9b3e472eb33,Smartphone,699.99,1,20OFF,New York,USA,699.99
2024-06-01,eccac9fa-3bf6-48b8-aff2-b73bbf46b307,Smartphone,699.99,3,FREESHIP,New York,USA,2099.97
2024-08-07,9ff80ba1-ebe6-483a-bd7f-888b0a38f6d7,Smartphone,699.99,1,,Glasgow,UK,699.99
2025-04-21,4f239858-8316-4c9f-8718-62cc20396dc4,Headphones,149.99,6,,Manchester,UK,899.94
2025-03-05,a0f5d358-7faf-4dda-a505-59c6beec9533,Smartphone,699.99,8,FREESHIP,Glasgow,UK,5599.92
2024-08-13,50ab7fbf-6486-49e7-b64b-46b82799ee27,Smartphone,699.99,10,NO_CODE,Vancouver,Canada,6999.9
2025-02-06,c5620864-f9a6-47b8-b1df-e4977dd541a5,Keyboard,89.99,3,FREESHIP,Houston,USA,269.97
2024-09-28,c87d9f6c-7808-4c68-b9c3-b7d954d70b25,Headphones,149.99,9,FREESHIP,Montreal,Canada,1349.91
2025-01-07,eb6e5a1d-7f9f-4407-bd9b-3f4887e57d7a,Laptop,999.99,7,20OFF,Los Angeles,USA,6999.93
2024-08-22,63121c0d-fe48-466b-8b50-49ae22790b73,Laptop,999.99,3,FREESHIP,Phoenix,USA,2999.97
2024-08-29,9674b021-cf1c-4bf9-b990-6dcab0522fb6,Headphones,149.99,5,,Manchester,UK,749.95
2025-03-11,05426605-d46a-41d1-b857-605e0429c512,Headphones,149.99,6,NO_CODE,Houston,USA,899.94
2024-11-19,0fc9ab23-152a-47fd-a229-db966e90ce67,Monitor,249.99,5,NO_CODE,Chicago,USA,1249.95
2024-07-15,549cc1a3-b3b4-4d23-98ba-d0f1cb0b7e52,Monitor,249.99,6,10OFF,Toronto,Canada,1499.94
2024-09-27,2410c38d-413a-4d7c-b647-9fd53bc86942,Headphones,149.99,9,,Manchester,UK,1349.91
2024-06-09,0b29f6f0-62fe-4eb3-b2ef-c6503172b577,Headphones,149.99,3,FREESHIP,New York,USA,449.97
2025-04-09,0cfd140a-a2e8-464c-845b-18665c4c7501,Keyboard,89.99,4,FREESHIP,Leeds,UK,359.96
2024-12-16,aa8662d5-5a75-475e-be2b-bf33cab61569,Keyboard,89.99,3,,Manchester,UK,269.97
2025-05-03,d6322086-73cc-4663-b7bc-4637095f120e,Laptop,999.99,3,FREESHIP,Birmingham,UK,2999.97
2024-05-31,acf07fd0-65a8-4b8e-9c3c-cada1e110ecc,Headphones,149.99,6,FREESHIP,Chicago,USA,899.94
2025-05-09,83c29254-0df5-4c9b-ab10-6878533d9262,Smartphone,699.99,8,FREESHIP,New York,USA,5599.92
2024-10-09,4c456b67-8239-43e2-9192-a15f2b60d573,Laptop,999.99,2,20OFF,Ottawa,Canada,1999.98
2025-03-29,7bd20634-e446-4bfe-8548-7cf5d39ec287,Smartphone,699.99,7,FREESHIP,New York,USA,4899.93
2024-06-06,7322c34e-f1f2-4b5d-8cf0-2603cc7aaa6f,Monitor,249.99,5,NO_CODE,Leeds,UK,1249.95
2024-09-18,32973256-659d-49aa-9e62-befab904f712,Headphones,149.99,1,10OFF,Chicago,USA,149.99
2024-11-10,4a5b4f97-eb43-4ab7-b3c9-f9aa5e84815f,Monitor,249.99,8,NO_CODE,London,UK,1999.92
2024-11-04,40ba2cf7-2211-40ae-bcd0-f417ca591567,Laptop,999.99,1,20OFF,Leeds,UK,999.99
2024-08-22,649efb76-3324-4d35-95b8-b3cf3b366304,Keyboard,89.99,5,10OFF,Manchester,UK,449.95
2024-08-26,1e0bd93b-a053-4b1d-b4d0-229271b10111,Laptop,999.99,7,FREESHIP,Phoenix,USA,6999.93
2024-09-30,1827f019-a9b8-4886-8484-a09b740943a3,Laptop,999.99,3,10OFF,Houston,USA,2999.97
2025-04-17,11d03775-2765-4591-b7d7-54cd5b5e5a1d,Keyboard,89.99,4,,Montreal,Canada,359.96
2024-06-12,5e4c64ed-a87a-4c44-8b27-e96a5e407129,Smartphone,699.99,2,10OFF,London,UK,1399.98
2024-11-13,4b24690c-c49b-416b-ae66-d572479ab1cf,Monitor,249.99,9,FREESHIP,Los Angeles,USA,2249.91
2025-01-14,d262e278-9b38-46d4-978e-618027954b11,Keyboard,89.99,4,NO_CODE,Phoenix,USA,359.96
2024-05-30,bd1110b8-2a4f-41b2-b80f-f5ef8f1ebf5f,Laptop,999.99,5,FREESHIP,Houston,USA,4999.95
2025-04-30,e10b40a0-66d5-47f7-a39d-3449abc85e66,Headphones,149.99,2,FREESHIP,Manchester,UK,299.98
2025-04-02,df573238-3289-4ed5-a33b-61b926354de1,Keyboard,89.99,10,,Houston,USA,899.9
2025-04-18,65cbe640-f3c5-4e58-84ff-cf3059d52f8b,Keyboard,89.99,10,,Glasgow,UK,899.9
2025-05-07,4ee9290c-7f70-4e1a-9d5a-8d68bb07277c,Laptop,999.99,4,NO_CODE,Chicago,USA,3999.96
2025-01-29,46c40547-def9-4015-aff4-5a51848dafe2,Headphones,149.99,2,20OFF,Phoenix,USA,299.98
2025-01-21,a34645d1-2fdb-4636-99b9-252d0ecf4f04,Keyboard,89.99,1,,Leeds,UK,89.99
2024-10-07,9b97c0d1-0b74-448c-b294-be4fa9739548,Laptop,999.99,7,20OFF,Houston,USA,6999.93
2025-04-06,bcf45576-a6a6-4795-8e8f-eec604dda92d,Laptop,999.99,4,,Houston,USA,3999.96
2024-08-06,87257f0d-1c60-4600-b312-1f76f9713b86,Monitor,249.99,3,NO_CODE,Vancouver,Canada,749.97
2024-09-02,39a05308-8b21-4dfa-9bc5-2ebf14bc7440,Headphones,149.99,4,,Calgary,Canada,599.96
2024-11-10,91283bb7-d1a5-489b-b8cc-f87bd0748088,Headphones,149.99,1,NO_CODE,New York,USA,149.99
2024-10-16,5e634dd1-4e7f-4ddf-83f3-0954e391806a,Keyboard,89.99,10,10OFF,Glasgow,UK,899.9
2025-02-13,7ec7ebee-92c1-425c-8ae9-686eb3ab7845,Laptop,999.99,3,FREESHIP,Los Angeles,USA,2999.97
2024-06-25,41c4f884-7a4f-47f8-8cb4-b0344e86b4bf,Laptop,999.99,2,FREESHIP,London,UK,1999.98
2025-05-22,e946a3c9-e62b-4437-96c6-0947283a2952,Headphones,149.99,7,20OFF,Birmingham,UK,1049.93
2024-12-21,4415e1e1-eaa7-4914-97a1-9f4fc3fb911d,Monitor,249.99,7,20OFF,Vancouver,Canada,1749.93
2025-03-20,292eb225-9836-4478-9d61-0fb4ddf0d1e7,Monitor,249.99,10,20OFF,Toronto,Canada,2499.9
2025-05-10,86ac1739-8e88-449e-bf7f-e3c53cd55f61,Monitor,249.99,7,,Houston,USA,1749.93
2024-11-18,1ab1456d-a4ed-4c07-9fe4-0f759aea00e5,Headphones,149.99,3,,Ottawa,Canada,449.97
2025-01-19,91d83641-9426-461a-8d5c-46dcdaa2b3cb,Smartphone,699.99,8,10OFF,Toronto,Canada,5599.92
2024-12-16,2ea98dd6-e688-42cb-b03e-b6fd1e06415d,Keyboard,89.99,10,10OFF,Ottawa,Canada,899.9
2024-10-20,6172921f-15bf-41cf-bf20-46c35a468a9d,Laptop,999.99,7,20OFF,Toronto,Canada,6999.93
2024-11-01,f25b20e2-ea88-40f1-b081-df95cf497f84,Laptop,999.99,2,FREESHIP,Leeds,UK,1999.98
2024-07-23,8f77b056-256e-4e5d-907c-bc5cc853a0fe,Smartphone,699.99,3,10OFF,Calgary,Canada,2099.97
2025-01-02,1861b0d6-00e3-43b4-b9bb-da00c6f0c58b,Smartphone,699.99,4,10OFF,Manchester,UK,2799.96
2024-12-26,b37810aa-d591-437f-9030-3200035f7fe1,Laptop,999.99,8,FREESHIP,Manchester,UK,7999.92
2025-01-04,8dbaf971-8f21-4627-8cd6-e42e882a2710,Headphones,149.99,10,FREESHIP,Glasgow,UK,1499.9
2024-12-03,a5ab36df-420f-4741-b6b7-88c336014205,Laptop,999.99,9,10OFF,Vancouver,Canada,8999.91
2024-08-29,a065aae2-719e-4911-aaa7-865c74b057b7,Laptop,999.99,5,,Phoenix,USA,4999.95
2024-12-15,8a950714-7b5b-4f89-85fb-3a6c0a01498f,Laptop,999.99,8,,Houston,USA,7999.92
2024-07-24,0cc65702-1edc-428c-bc33-1212bd609300,Smartphone,699.99,7,FREESHIP,New York,USA,4899.93
2024-06-26,50f9647d-426b-4550-a692-9adb054be17e,Headphones,149.99,3,FREESHIP,Houston,USA,449.97
2025-03-23,05b7e757-989a-422d-8a33-0417bf265950,Smartphone,699.99,6,20OFF,Ottawa,Canada,4199.94
2025-03-10,63238a8c-e0cb-4cba-bf0d-d4a5e48d7a3c,Smartphone,699.99,7,FREESHIP,Manchester,UK,4899.93
2024-08-26,b5a0aa9b-6a54-42d1-9acf-c96b69f85d31,Monitor,249.99,7,FREESHIP,Houston,USA,1749.93
2025-05-18,a74bccec-2d0f-47f6-8ccd-fc4ea1b2dcc8,Headphones,149.99,10,FREESHIP,Montreal,Canada,1499.9
2025-01-01,7fd71ffc-c934-49dc-86eb-2ce0a4440036,Smartphone,699.99,6,,Chicago,USA,4199.94
2024-09-01,2d881bad-3823-4983-b59a-ad9e045793f2,Keyboard,89.99,5,10OFF,Vancouver,Canada,449.95
2024-06-24,0c17e689-6d7f-4e62-9744-9648751576d1,Keyboard,89.99,10,FREESHIP,Birmingham,UK,899.9
2024-10-14,75482713-ce5d-4988-8338-08e35bbed769,Monitor,249.99,5,FREESHIP,Birmingham,UK,1249.95
2025-03-09,cd3dd826-3559-4c6a-80b0-10dea207b347,Laptop,999.99,5,20OFF,Houston,USA,4999.95
2025-02-10,771d6c5e-fc80-4f29-bf21-3c3bdf1c9b52,Monitor,249.99,10,,Chicago,USA,2499.9
2024-09-07,55935600-9dcc-4375-8dd3-9ecd1c3bef93,Laptop,999.99,8,10OFF,Glasgow,UK,7999.92
2025-03-19,373e11c3-15c3-40cd-9406-fffa90cbac25,Smartphone,699.99,9,20OFF,Chicago,USA,6299.91
2024-12-20,62ebb6a9-2c2d-436f-a1bd-d9e7da01bc78,Monitor,249.99,3,NO_CODE,Glasgow,UK,749.97
2024-07-02,af0e31bc-9117-418d-baa7-c729c93a2cec,Keyboard,89.99,9,,Phoenix,USA,809.91
2025-01-10,93e5610d-c582-4ab2-9e62-0efcdb31f68f,Headphones,149.99,9,20OFF,Phoenix,USA,1349.91
2024-07-21,e9876dc3-fd01-4d7d-9f07-753682d84806,Headphones,149.99,8,20OFF,Ottawa,Canada,1199.92
2025-01-22,6bef7534-1ec6-4166-a4c7-5b75b39e320c,Laptop,999.99,3,NO_CODE,London,UK,2999.97
2025-01-27,5e91d578-424c-4564-b65a-0523b864a373,Laptop,999.99,5,,Vancouver,Canada,4999.95
2024-07-06,244a58e7-3352-4612-ba7a-aba3d849dca4,Smartphone,699.99,5,20OFF,Chicago,USA,3499.95
2024-10-14,7f50f55a-2834-4f1c-8cf9-05239738de9b,Smartphone,699.99,5,NO_CODE,Birmingham,UK,3499.95
2025-04-16,7b3a7ec5-659e-4ccd-864b-a99c64cbf9c9,Headphones,149.99,2,,Vancouver,Canada,299.98
2024-06-25,6c15fa97-a790-4338-9cdf-710f836becd8,Monitor,249.99,10,FREESHIP,Glasgow,UK,2499.9
2025-03-07,253cba02-dd59-44d7-8b63-86a58acbe816,Smartphone,699.99,8,20OFF,Leeds,UK,5599.92
2025-02-08,ef5f1a6d-d33b-429b-918a-33f8c3fec004,Smartphone,699.99,9,20OFF,Chicago,USA,6299.91
2024-06-07,cbbf5c97-ac32-4dbb-99cd-4ae55b71cb8c,Headphones,149.99,5,,Houston,USA,749.95
2025-04-04,f1c974a8-cc46-4c81-af24-e326b93499ed,Smartphone,699.99,7,FREESHIP,New York,USA,4899.93
2025-03-12,d531cee3-153f-4414-a996-d36cc5e0929e,Laptop,999.99,8,FREESHIP,Leeds,UK,7999.92
2025-02-23,9ac60aee-3170-423c-af7a-b104586732a4,Monitor,249.99,1,,Montreal,Canada,249.99
2025-03-16,319d5195-e698-4f9e-9d79-b9f00048685b,Headphones,149.99,7,NO_CODE,Montreal,Canada,1049.93
2025-05-15,5f22a74d-624b-430b-8ade-aca23716c8d5,Monitor,249.99,4,10OFF,Houston,USA,999.96
2025-02-19,6bc27031-cda9-4326-bf6f-4b0b3a17ee4b,Headphones,149.99,3,10OFF,Chicago,USA,449.97
2024-09-20,425aead7-8cd5-475a-812d-fb50751e0955,Laptop,999.99,7,NO_CODE,Manchester,UK,6999.93
2025-03-20,acd917bd-92ac-4afd-b7ed-9e9f57456e53,Laptop,999.99,3,,Calgary,Canada,2999.97
2025-04-14,f20a0a16-d43a-40a6-b744-f59b3ff79cca,Headphones,149.99,7,10OFF,Vancouver,Canada,1049.93
2024-07-09,08d366d8-377f-4b78-a7a4-bd76a545329d,Laptop,999.99,9,FREESHIP,Calgary,Canada,8999.91
2025-05-15,4edeb82f-4047-4aab-9291-b7484fb7f903,Keyboard,89.99,4,NO_CODE,Leeds,UK,359.96
2024-12-28,a3be76d6-cd8d-4a95-972c-e2a1560d49e0,Monitor,249.99,5,10OFF,Calgary,Canada,1249.95
2025-05-17,7b30a57a-16f5-40d1-96f0-68789301e8c9,Keyboard,89.99,4,FREESHIP,Houston,USA,359.96
2024-06-14,fe4b4b4b-2496-4a00-a884-adc1f6578975,Keyboard,89.99,6,10OFF,London,UK,539.94
2024-07-26,25ad7e35-14dd-4c53-949b-04e869be65b6,Headphones,149.99,3,20OFF,Los Angeles,USA,449.97
2024-11-14,7dc1bee3-f4d2-4628-a1c9-2bc22f32a7ea,Headphones,149.99,8,20OFF,Ottawa,Canada,1199.92
2024-06-14,eedd9de0-bae7-4671-b2eb-4553293420d6,Keyboard,89.99,9,FREESHIP,Glasgow,UK,809.91
2024-11-18,c71cf7b0-54e0-4786-83b3-4162e406cc13,Monitor,249.99,8,,Ottawa,Canada,1999.92
2024-08-24,e3d6e57a-7db3-4eba-8398-8480c7919a58,Headphones,149.99,8,10OFF,Glasgow,UK,1199.92
2024-08-26,7b79b738-9e2e-483e-989a-6673100008d6,Smartphone,699.99,3,20OFF,Vancouver,Canada,2099.97
2024-10-24,fdd9f14d-bcfa-4b9c-b0eb-b27225486fed,Keyboard,89.99,8,NO_CODE,Manchester,UK,719.92
2024-09-21,92b71c6c-45ee-4783-b25a-efae50c6e737,Keyboard,89.99,8,20OFF,Houston,USA,719.92
2025-02-18,d4f992d2-23ee-4950-993c-73567a3fb2df,Monitor,249.99,1,,New York,USA,249.99
2024-11-09,3a66c55e-d764-47d9-9480-61356112fb71,Monitor,249.99,8,NO_CODE,Vancouver,Canada,1999.92
2024-12-18,2acd32d1-5ba0-4042-9ad1-542d5ccde6ea,Keyboard,89.99,1,10OFF,New York,USA,89.99
2025-01-11,1c1d70ec-00ec-4b1f-9173-8379ee9837a5,Smartphone,699.99,1,20OFF,Houston,USA,699.99
2024-09-15,4aea833c-fe42-4e17-bdd9-a85e2ec06bb0,Laptop,999.99,5,,Toronto,Canada,4999.95
2025-03-11,da49313f-a846-4659-bf21-7ceda1b50a9a,Laptop,999.99,5,FREESHIP,Chicago,USA,4999.95
2024-06-09,10537af6-8232-43ff-9c86-d8fca07f0742,Keyboard,89.99,4,NO_CODE,Manchester,UK,359.96
2024-06-18,6e4dea3f-0cc0-47cb-94d5-73816ec6b1e3,Keyboard,89.99,8,,Birmingham,UK,719.92
2024-08-21,2222a144-53ea-4702-9050-9e8ec94e8eef,Smartphone,699.99,7,,London,UK,4899.93
2024-06-15,ffdaeb06-20a4-4ec8-a31b-f006d4ffa7bc,Monitor,249.99,6,,Chicago,USA,1499.94
2025-01-30,76775f9b-1387-42ca-b7ea-39a0891aec63,Smartphone,699.99,7,,London,UK,4899.93
2025-03-14,f62338e0-1818-464e-b007-97ae880c0406,Smartphone,699.99,7,NO_CODE,Glasgow,UK,4899.93
2025-01-12,d58d8f79-aeb0-452c-85ed-b83d9e808592,Smartphone,699.99,9,10OFF,Birmingham,UK,6299.91
2024-09-02,f7c7be77-cbe3-401e-b923-c77b09dc3455,Laptop,999.99,8,20OFF,Chicago,USA,7999.92
2025-03-07,a1bb0b7a-3bca-401c-8069-c3e4aedddf36,Keyboard,89.99,1,20OFF,Ottawa,Canada,89.99
2024-07-09,1a7a32f7-de88-4af6-a896-a676becc6b77,Smartphone,699.99,7,20OFF,New York,USA,4899.93
2025-03-24,5b8df315-590e-42cb-8a22-64aa217da1e1,Laptop,999.99,8,FREESHIP,Los Angeles,USA,7999.92
2025-05-05,8e6a1768-df94-4c08-a034-4acf4caee521,Smartphone,699.99,9,,Los Angeles,USA,6299.91
2024-08-19,89bf05e1-8959-4ae4-ab3d-bb0950bc819e,Keyboard,89.99,2,NO_CODE,Calgary,Canada,179.98
2024-07-30,3bcea0f9-33e9-4fdc-bdb2-ba3fedd8844f,Laptop,999.99,5,NO_CODE,Montreal,Canada,4999.95
2024-12-14,003bec63-4615-4f54-99eb-2ad2930badc9,Headphones,149.99,3,FREESHIP,Toronto,Canada,449.97
2024-12-13,9b12241f-8c92-4e9f-bb54-b591014bcd1d,Monitor,249.99,7,FREESHIP,Leeds,UK,1749.93
2025-05-05,01b2f074-fdee-41a5-98a5-7a49ce9eef11,Smartphone,699.99,8,NO_CODE,Toronto,Canada,5599.92
2024-06-20,d053beef-ccec-440c-b92c-f80d5b04fcd8,Laptop,999.99,9,20OFF,Leeds,UK,8999.91
2024-06-07,7792d90a-374a-45c7-b138-1aa9570e536d,Monitor,249.99,7,,New York,USA,1749.93
2024-08-31,86d37f6c-b29f-46bd-8e66-9d92a8a8592a,Keyboard,89.99,5,NO_CODE,Toronto,Canada,449.95
2025-02-20,8a0188a4-f70c-44c6-a015-e279f1008c11,Keyboard,89.99,2,,Phoenix,USA,179.98
2024-09-14,94bb4f5b-90ed-4642-8cc8-a63aded92dc0,Headphones,149.99,7,10OFF,Ottawa,Canada,1049.93
2024-06-10,553763e2-26f2-4c81-abf6-ca69394b2f77,Monitor,249.99,1,20OFF,Los Angeles,USA,249.99
2024-11-02,62ef85c3-7cb2-4e21-8425-6c9202694105,Smartphone,699.99,6,,Manchester,UK,4199.94
2025-03-19,6b0eb781-1207-40f0-8140-9e064d9ad580,Monitor,249.99,7,,Phoenix,USA,1749.93
2025-04-07,c7e50b42-4933-4936-99dd-dffd3516039c,Headphones,149.99,6,FREESHIP,Toronto,Canada,899.94
2024-11-09,2a528b6c-02b8-4180-8315-7a62d54709f2,Headphones,149.99,2,NO_CODE,Calgary,Canada,299.98
2024-09-16,7294822e-727d-471a-9486-8e69f3cced18,Keyboard,89.99,4,NO_CODE,Montreal,Canada,359.96
2025-02-20,67c2d3e3-d8ac-42f7-80ee-aa23ff49b204,Keyboard,89.99,9,FREESHIP,Glasgow,UK,809.91
2024-06-08,9b60e3ac-6f6f-4cee-9652-ec0594f6bd3e,Laptop,999.99,7,,Manchester,UK,6999.93
2024-05-30,2228e842-89c7-4403-9aa8-b27c816e0a6a,Monitor,249.99,7,20OFF,Los Angeles,USA,1749.93
2024-11-03,461a4b1c-4b29-470c-b4ca-e2caf37cdea3,Headphones,149.99,2,10OFF,Vancouver,Canada,299.98
2025-02-02,b37bf59b-545b-4909-9e3e-9dfcdc5f1db1,Headphones,149.99,5,,Manchester,UK,749.95
2025-01-22,b635c6e9-72df-40d8-bc9b-dab5f580ca46,Headphones,149.99,6,20OFF,Glasgow,UK,899.94
2025-02-24,d86bbef1-f1d7-49c8-96f6-b96f70b7feee,Smartphone,699.99,2,,Houston,USA,1399.98
2024-08-14,e959f69d-71d3-4612-b675-0757cea8068a,Smartphone,699.99,4,FREESHIP,Chicago,USA,2799.96
2024-09-17,3e56d913-37f3-406f-ad36-8e70a24662d5,Monitor,249.99,9,,Leeds,UK,2249.91
2024-07-07,2ceb05d4-888a-4f37-94f1-10f3ff23635b,Smartphone,699.99,6,20OFF,Phoenix,USA,4199.94
2025-04-04,8a275b3b-bac9-40d1-b871-0fe483400461,Monitor,249.99,6,20OFF,Manchester,UK,1499.94
2024-07-07,aaed8026-5197-4aee-8d50-0bf585c4ace2,Laptop,999.99,6,FREESHIP,New York,USA,5999.94
2024-08-29,a2660eaf-c03d-424d-9e8f-ca6997984f18,Smartphone,699.99,5,FREESHIP,Calgary,Canada,3499.95
2024-09-02,491bb83b-6e5f-4fd9-83d6-42359e9f8342,Headphones,149.99,7,,Los Angeles,USA,1049.93
2024-11-27,663fb0c2-1ac9-4100-be0c-7612de0368d4,Headphones,149.99,7,NO_CODE,Chicago,USA,1049.93
2024-10-03,abda90ea-9e3f-4975-82d7-674ead5648c1,Keyboard,89.99,7,20OFF,Montreal,Canada,629.93
2025-03-02,0158c694-c68c-4b86-988c-4254ec54d3c7,Monitor,249.99,9,10OFF,Birmingham,UK,2249.91
2024-12-30,993205b2-43ce-46f6-b009-ed4559f62769,Headphones,149.99,4,10OFF,Los Angeles,USA,599.96
2024-07-19,9b0ce455-865e-42b4-8d61-51a6a9a684f2,Laptop,999.99,4,10OFF,Manchester,UK,3999.96
2025-04-09,516a039c-b58e-4f08-84f7-23e3fa75641a,Headphones,149.99,4,,Manchester,UK,599.96
2024-06-20,bb0ca261-0367-4de6-8fa2-12928383bfce,Laptop,999.99,10,20OFF,New York,USA,9999.9
2025-02-27,3c1c64eb-b74b-4378-8736-481f441bc7fd,Monitor,249.99,9,10OFF,Los Angeles,USA,2249.91
2025-03-27,42341352-c64f-4a07-9328-7ae276bb75f9,Headphones,149.99,10,NO_CODE,Los Angeles,USA,1499.9
2024-06-20,4843bd59-6888-44da-a30d-7f113a72f784,Laptop,999.99,9,20OFF,Houston,USA,8999.91
2024-08-28,0cb39eb1-319f-46ce-b58e-e09327cfcad5,Keyboard,89.99,3,NO_CODE,Glasgow,UK,269.97
2024-10-07,3bcbb074-e139-494e-93e0-493212f2a1ed,Monitor,249.99,2,NO_CODE,Vancouver,Canada,499.98
2025-02-25,e3a5067e-b4b2-4089-80a2-852a2845f59b,Smartphone,699.99,1,20OFF,Calgary,Canada,699.99
2024-12-28,27c217b1-a3f9-4c7b-aefb-7e58ef6bfe80,Laptop,999.99,3,NO_CODE,Glasgow,UK,2999.97
2025-02-06,f8947a08-9eef-441f-8063-10b0a9fce917,Laptop,999.99,1,NO_CODE,Vancouver,Canada,999.99
2024-05-28,d60b4b7c-0a56-43ad-9907-c9f45e862184,Smartphone,699.99,3,FREESHIP,Ottawa,Canada,2099.97
2025-05-14,c68357d4-a600-4116-b26d-c10ad0efbbb5,Laptop,999.99,3,NO_CODE,Toronto,Canada,2999.97
2025-03-07,e1cf82e7-276b-4a74-9335-d0ad594b0e20,Laptop,999.99,6,NO_CODE,London,UK,5999.94
2025-02-26,76cf9492-91af-4c84-89eb-1dd392cc71bc,Laptop,999.99,9,FREESHIP,Los Angeles,USA,8999.91
2024-11-13,353d6239-b554-40c0-9ac2-1dbf8795bffe,Smartphone,699.99,10,10OFF,Chicago,USA,6999.9
2024-07-05,03c06470-5439-4493-a2da-ae5f8f4ff5c9,Headphones,149.99,1,NO_CODE,Los Angeles,USA,149.99
2024-09-05,3ca9c940-7c53-4d07-9c48-e3eec51a9907,Monitor,249.99,1,NO_CODE,Chicago,USA,249.99
2025-03-26,a6547000-d346-48c6-8e4f-8f2ddbeb183f,Laptop,999.99,3,NO_CODE,Chicago,USA,2999.97
2024-07-11,9dbb1e7d-f7a0-4726-84db-8985e132c0d2,Headphones,149.99,9,FREESHIP,Los Angeles,USA,1349.91
2024-08-02,6ff86ff8-525c-422a-ab80-4f3683342d68,Keyboard,89.99,3,NO_CODE,Leeds,UK,269.97
2025-01-13,e40c86a5-57b9-4494-ac90-26a8dbaa1f3b,Smartphone,699.99,1,10OFF,Birmingham,UK,699.99
2025-05-15,44ae9a15-f22c-47aa-89df-73277a0f8184,Keyboard,89.99,7,FREESHIP,Toronto,Canada,629.93
2025-01-25,032d54bf-e784-41cf-be3f-1eb64835d232,Headphones,149.99,2,10OFF,Phoenix,USA,299.98
2024-06-07,1910ab72-9a14-42f3-92c4-4de5592a9072,Monitor,249.99,6,20OFF,Leeds,UK,1499.94
2025-01-19,b930dece-3e2c-4fa3-b90b-8b888b60e1e6,Headphones,149.99,5,20OFF,Vancouver,Canada,749.95
2024-10-23,34e2c516-69c8-4390-b4fa-e61548fc1bf6,Headphones,149.99,1,20OFF,Birmingham,UK,149.99
2024-12-07,d014b1a1-ba6b-4c5d-951f-da7819dd9498,Monitor,249.99,8,20OFF,Houston,USA,1999.92
2024-08-16,8d864e0f-7a36-4e0d-805e-ae701231f6d9,Monitor,249.99,10,FREESHIP,Leeds,UK,2499.9
2024-11-20,37598b2a-9355-41e7-98f0-38fe35d319e6,Keyboard,89.99,5,FREESHIP,Toronto,Canada,449.95
2025-04-16,d11028c5-96bf-4fff-948f-2018ff67c986,Laptop,999.99,7,10OFF,Leeds,UK,6999.93
2024-06-04,fccf5ae2-83f2-4db3-8996-5e150a23de74,Laptop,999.99,10,20OFF,Phoenix,USA,9999.9
2024-11-10,101bab7d-1de5-407e-9d96-fb5fe9b217d6,Smartphone,699.99,4,,Montreal,Canada,2799.96
2024-10-30,9d36445b-9575-4bf5-abeb-3a51c14a3174,Headphones,149.99,7,20OFF,Calgary,Canada,1049.93
2024-10-14,67582970-114c-4cdf-8813-c381e3cfdeb5,Monitor,249.99,5,,Calgary,Canada,1249.95
2024-10-17,bce46de5-2c87-4529-bd89-43a8f96e73d4,Monitor,249.99,7,FREESHIP,London,UK,1749.93
2025-01-27,3b43ad61-caad-4eef-a809-ed58db1261dc,Smartphone,699.99,7,20OFF,Montreal,Canada,4899.93
2024-09-13,b1b54ef7-ca9b-4801-a8dd-b2d45cf34ebf,Smartphone,699.99,2,NO_CODE,New York,USA,1399.98
2025-02-27,f06408c8-34b5-474f-9713-cce2d28190c1,Laptop,999.99,4,,Calgary,Canada,3999.96
2025-04-26,90091a9c-56b1-4c60-9f02-9ceb4435b975,Keyboard,89.99,4,,Chicago,USA,359.96
2025-03-10,b9945801-a6af-45ce-b96d-5b02a9a8c411,Headphones,149.99,7,NO_CODE,Calgary,Canada,1049.93
2025-02-02,26b56eeb-6033-4766-a0d8-6c66f7692120,Keyboard,89.99,1,20OFF,Glasgow,UK,89.99
2024-09-21,17db41ca-7100-477b-b6f3-793434554bf4,Keyboard,89.99,5,FREESHIP,Birmingham,UK,449.95
2025-02-01,de367550-d15f-4266-aa61-f9177a0c752a,Smartphone,699.99,4,NO_CODE,Los Angeles,USA,2799.96
2024-10-20,3fd4760b-444e-4363-805f-2d93af684cd3,Headphones,149.99,5,20OFF,Los Angeles,USA,749.95
2024-09-25,3832b20a-d659-4444-83ce-17e930f6f802,Laptop,999.99,6,10OFF,Manchester,UK,5999.94
2025-03-08,edf2bd49-dba5-43e0-b6b3-6b6ae261d29d,Keyboard,89.99,7,10OFF,Glasgow,UK,629.93
2025-01-23,cfaf54e4-e014-4ed6-b334-4dc0ed6cf2ad,Laptop,999.99,3,FREESHIP,Manchester,UK,2999.97
2024-12-16,763dcf70-3671-4081-a54f-8ee222fccd36,Smartphone,699.99,5,,Chicago,USA,3499.95
2024-05-29,675bfefa-2567-46d8-824a-8b194aea6f10,Smartphone,699.99,8,10OFF,Vancouver,Canada,5599.92
2025-04-10,52e7c58d-e76e-428e-a75c-dc639656cf78,Monitor,249.99,10,NO_CODE,Houston,USA,2499.9
2024-07-18,5a14dfeb-08f3-4d3a-9956-60c674e7e1fa,Keyboard,89.99,9,FREESHIP,Manchester,UK,809.91
2024-07-14,fed28928-d4fc-4b98-bf94-961ddfe87fda,Keyboard,89.99,2,FREESHIP,Calgary,Canada,179.98
2025-01-12,ebb4e008-035c-4305-9867-1479170de92d,Smartphone,699.99,3,FREESHIP,Houston,USA,2099.97
2025-03-01,e470a7dc-8ea1-446e-b48b-abfed2da73f5,Headphones,149.99,2,NO_CODE,Toronto,Canada,299.98
2024-08-14,eaf75c45-67cd-415f-ac66-39cfd8c7573c,Monitor,249.99,7,,New York,USA,1749.93
2024-09-09,0e25b3e3-fbb8-4968-87f0-00584c13f5d3,Keyboard,89.99,10,,Calgary,Canada,899.9
2025-04-02,af934733-148e-4286-a077-35f35c8defd2,Monitor,249.99,10,10OFF,Los Angeles,USA,2499.9
2024-07-13,7f5b1d56-f2fd-4664-b455-f88dfa44b63c,Keyboard,89.99,9,NO_CODE,Birmingham,UK,809.91
2024-08-17,4553faf0-9520-428d-a18a-8697026f8302,Monitor,249.99,9,,Ottawa,Canada,2249.91
2025-03-15,f8a9d305-2f3f-4a6c-91fb-ff1b013a695e,Headphones,149.99,1,20OFF,Calgary,Canada,149.99
2025-02-26,69a0adae-e411-457d-927b-415bd060a6d9,Keyboard,89.99,4,20OFF,Leeds,UK,359.96
2025-04-04,fb26e7aa-821a-449c-886b-3fa3da87d206,Smartphone,699.99,5,10OFF,New York,USA,3499.95
2024-06-05,d1983892-0fa2-4498-9c12-1eb65c41e0cb,Keyboard,89.99,9,20OFF,Chicago,USA,809.91
2024-10-11,1fc8dc98-3b5e-4d1e-a7a9-1615a4507f88,Keyboard,89.99,2,10OFF,Montreal,Canada,179.98
2024-12-12,d2b0e3a7-da93-4666-a1fd-3b8f01bb24f8,Keyboard,89.99,7,20OFF,Toronto,Canada,629.93
2024-08-21,d57f73c4-abfb-4b51-81de-dbf70e8be8c5,Keyboard,89.99,2,FREESHIP,Toronto,Canada,179.98
2025-04-02,4afbae2b-1f71-443c-a1d7-88ff0ba3e80a,Headphones,149.99,2,10OFF,Chicago,USA,299.98
2025-05-16,ae7ea5e4-505a-4389-b854-21cefc07313f,Smartphone,699.99,3,20OFF,Vancouver,Canada,2099.97
2025-01-17,959ad6a4-ee56-4d75-a536-24b4b0bc1d41,Headphones,149.99,8,,Phoenix,USA,1199.92
2025-04-03,c15905fb-043d-4cc7-ae02-acf57f16949b,Monitor,249.99,5,,New York,USA,1249.95
2024-08-26,cd3dcf56-37c4-42be-9465-042b519c8625,Smartphone,699.99,6,NO_CODE,Chicago,USA,4199.94
2025-01-06,feab4c30-66af-459c-bbed-8c9ada7a6357,Keyboard,89.99,3,FREESHIP,Los Angeles,USA,269.97
2024-06-25,b9854e63-6f6b-4f51-93ce-5966a5bea32b,Monitor,249.99,7,10OFF,Ottawa,Canada,1749.93
2024-06-06,171110ae-2ef0-4657-ab51-0efae74bfa21,Smartphone,699.99,2,,Toronto,Canada,1399.98
2025-02-04,cb8fc75c-253a-487c-aa4b-60cef75052cd,Laptop,999.99,6,NO_CODE,Los Angeles,USA,5999.94
2024-08-09,df2005ad-70ef-48bf-a5c9-6938424d9167,Headphones,149.99,8,,Vancouver,Canada,1199.92
2025-04-08,221e5b19-eee3-419c-ab58-424a42d27014,Smartphone,699.99,9,NO_CODE,Montreal,Canada,6299.91
2025-02-22,aae05d28-22c4-4368-8079-d552f4f0723d,Monitor,249.99,7,NO_CODE,Glasgow,UK,1749.93
2024-10-30,1cec6f52-5d0f-4e31-bbb9-bacc02eb4e21,Headphones,149.99,9,NO_CODE,Leeds,UK,1349.91
2024-12-02,841f8595-387b-4f7e-a913-e113c6eba706,Monitor,249.99,2,10OFF,Leeds,UK,499.98
2024-07-06,c528729b-588e-4a6a-baa5-51092be57aac,Headphones,149.99,10,20OFF,Birmingham,UK,1499.9
2024-11-28,d2d73da4-0218-4e53-bd87-d50748ea39fe,Smartphone,699.99,4,20OFF,Phoenix,USA,2799.96
2024-08-22,803db7e0-1c6f-4023-aa62-e8ed7348759a,Laptop,999.99,4,20OFF,Glasgow,UK,3999.96
2024-08-09,e35fcdcd-1cb8-49a6-b135-f5e0b130d40a,Laptop,999.99,3,,Phoenix,USA,2999.97
2025-02-04,d888a6f8-0ad8-4df2-91c0-05a74d7d4a72,Smartphone,699.99,7,10OFF,New York,USA,4899.93
2024-08-16,285e7ceb-5eb1-4fae-b2bb-1be6a2f25c98,Keyboard,89.99,6,,Leeds,UK,539.94
2024-08-06,9a75af20-a89c-4e83-9861-c0c912a52c83,Smartphone,699.99,10,NO_CODE,New York,USA,6999.9
2025-02-16,83962b98-5b2e-403d-8ea0-cefea491107c,Smartphone,699.99,9,,Leeds,UK,6299.91
2024-11-21,744fce22-f9d2-449d-a4d8-e273a28e57c5,Headphones,149.99,9,,Toronto,Canada,1349.91
2025-02-01,2d9b2f86-6064-4599-b581-28b19e886884,Laptop,999.99,7,10OFF,London,UK,6999.93
2024-10-05,b0cd58ce-9de5-4567-bdd2-09f44425f96c,Smartphone,699.99,9,,Los Angeles,USA,6299.91
2025-05-07,11f1caba-b042-4571-b491-dd0006a07d2a,Monitor,249.99,10,20OFF,Vancouver,Canada,2499.9
2024-06-20,34e6f7fe-f5cf-453b-9ff6-06feec918428,Keyboard,89.99,2,,Vancouver,Canada,179.98
2024-05-29,76ad3781-8e83-4741-b24d-ad577250d5e3,Smartphone,699.99,2,10OFF,Calgary,Canada,1399.98
2025-03-30,f51a1255-6b6a-4520-a9dc-b74428423727,Headphones,149.99,7,10OFF,Toronto,Canada,1049.93
2024-11-09,39bf1eb6-87c3-4c2f-85f3-b969a81297ae,Smartphone,699.99,9,10OFF,Vancouver,Canada,6299.91
2025-05-11,ee44894a-26c9-4991-a856-31f7e34feb8d,Monitor,249.99,3,NO_CODE,Los Angeles,USA,749.97
2024-10-22,d4b74a23-b554-481d-a5a0-5c1bb9de49ee,Keyboard,89.99,4,NO_CODE,Montreal,Canada,359.96
2024-06-14,e2b02a3c-1c41-4d60-9778-7dcb9484fc3f,Headphones,149.99,5,,Phoenix,USA,749.95
2024-10-09,57638bc6-4c5d-41bd-8aa4-5ada09a8d81d,Keyboard,89.99,10,10OFF,Ottawa,Canada,899.9
2025-03-26,5bc5cd7a-70c2-4b9f-a464-35053c0d8458,Smartphone,699.99,2,NO_CODE,Toronto,Canada,1399.98
2025-04-12,5614668c-4b0c-4612-8c83-d140917314ff,Keyboard,89.99,4,,Los Angeles,USA,359.96
2024-09-02,1ca36ca1-ad22-4f06-8faf-37644f5e7840,Laptop,999.99,1,NO_CODE,Glasgow,UK,999.99
2025-05-10,f99f9320-0851-4bdb-953f-881856666abf,Headphones,149.99,6,NO_CODE,Houston,USA,899.94
2025-01-12,7465e154-b2c7-4d15-bcd3-84266e4d249b,Smartphone,699.99,9,,Calgary,Canada,6299.91
2025-04-25,e8d5cb9d-ad16-431e-91e4-78343d9a767a,Headphones,149.99,7,NO_CODE,Houston,USA,1049.93
2025-05-12,190e8686-9fae-4394-ae3d-25fc048ea2b0,Monitor,249.99,7,10OFF,Ottawa,Canada,1749.93
2025-04-27,bbea489f-94ec-41cc-be9c-7346e4d273ea,Headphones,149.99,1,20OFF,Manchester,UK,149.99
2024-12-01,e34c1930-a2f9-48e2-8d7b-66de0dbd8683,Headphones,149.99,6,FREESHIP,Phoenix,USA,899.94
2025-02-01,bc550534-603a-4185-ae4a-1a954cb3ee99,Headphones,149.99,8,,Vancouver,Canada,1199.92
2025-02-18,688bc838-cc3f-433a-ade5-4414e9b65e21,Smartphone,699.99,5,20OFF,Ottawa,Canada,3499.95
2024-10-02,a1e43380-d178-47fd-8468-37a231e15c5e,Laptop,999.99,4,NO_CODE,Glasgow,UK,3999.96
2024-08-17,25c65b48-c68e-4b2b-90c7-2f1942593ce4,Headphones,149.99,8,20OFF,London,UK,1199.92
2024-12-02,9d195b62-010b-473a-ade4-992878409e18,Smartphone,699.99,10,FREESHIP,Manchester,UK,6999.9
2024-09-29,30c93f09-42ed-45bb-975a-d33a35d00a61,Monitor,249.99,5,20OFF,Birmingham,UK,1249.95
2024-08-28,364e870d-7047-461a-882c-e5b64aa3fc7d,Headphones,149.99,5,10OFF,Chicago,USA,749.95
2024-12-27,890884e5-30b9-4f47-a275-cd53cdcda148,Laptop,999.99,9,,Montreal,Canada,8999.91
2024-11-16,efc91c08-490d-4f5e-9d70-f74e7aec1857,Monitor,249.99,9,10OFF,Montreal,Canada,2249.91
2025-03-29,8ed259e8-18f6-4c40-ba5c-f69ac061bb6f,Headphones,149.99,6,NO_CODE,Chicago,USA,899.94
2025-01-02,ab4dea7e-053f-4eee-ae70-12a0229a9907,Keyboard,89.99,6,NO_CODE,New York,USA,539.94
2025-04-03,7ad46872-9a63-487c-ae0b-ace758846239,Monitor,249.99,1,,Phoenix,USA,249.99
2024-08-25,06279749-087d-4d09-ad18-98545d063d9f,Headphones,149.99,6,20OFF,Birmingham,UK,899.94
2024-07-15,434358f7-e19c-4e29-9498-cf7da4968d38,Headphones,149.99,4,,Phoenix,USA,599.96
2024-09-03,6fa7dc0b-ade6-44ac-9d4b-d443cb013a5e,Laptop,999.99,2,10OFF,London,UK,1999.98
2024-10-09,efce68dc-e84b-477c-a0c7-8db71028dca0,Monitor,249.99,4,NO_CODE,New York,USA,999.96
2024-11-22,6fbad9d4-91ab-452e-8588-2234141577cc,Monitor,249.99,9,20OFF,Montreal,Canada,2249.91
2024-11-14,d8324710-e358-494b-80af-de1ba2f096f5,Laptop,999.99,5,20OFF,Vancouver,Canada,4999.95
2025-04-29,67991837-c8bc-489a-915e-792dc06ea0c3,Monitor,249.99,1,,Ottawa,Canada,249.99
2025-04-04,06765733-189a-45d4-967e-c9747d74a837,Monitor,249.99,8,NO_CODE,Birmingham,UK,1999.92
2024-06-24,3036b0f3-8d7f-4989-8b1d-6e50bb691487,Keyboard,89.99,9,,New York,USA,809.91
2025-02-22,4a245c4d-4c80-46b8-bc85-8956259141ee,Headphones,149.99,5,20OFF,Houston,USA,749.95
2024-11-17,0c07b070-5824-4349-9e3b-a0212a8d365b,Smartphone,699.99,5,20OFF,Manchester,UK,3499.95
2024-09-03,2cfeb99f-1fdb-4b90-b337-db4a1e7434d4,Laptop,999.99,7,20OFF,Birmingham,UK,6999.93
2024-11-17,f8f2bf8b-4574-4162-90ac-35f44b326b76,Smartphone,699.99,10,,Houston,USA,6999.9
2025-02-14,9cf89367-21f6-4ccb-955c-6c29ed5cda4b,Smartphone,699.99,1,FREESHIP,Calgary,Canada,699.99
2025-03-29,34c20469-bd05-4832-84c2-e456f97e0b20,Smartphone,699.99,2,20OFF,London,UK,1399.98
2025-04-28,f2feae13-c7cc-4587-b3ea-39e10f8520b2,Monitor,249.99,3,10OFF,Calgary,Canada,749.97
2024-10-07,8e0b610e-d898-4545-bacf-8ecd2c47a91d,Monitor,249.99,8,10OFF,Leeds,UK,1999.92
2024-07-05,e4bd3f71-4603-401a-af90-c0d3db99d64a,Monitor,249.99,8,NO_CODE,Houston,USA,1999.92
2025-04-11,d3760503-2ef0-4d3a-8abf-b251bcb299b4,Keyboard,89.99,10,NO_CODE,Montreal,Canada,899.9
2025-01-16,da643bab-26ee-4824-a9f9-4156d4ca4e2e,Smartphone,699.99,10,FREESHIP,Chicago,USA,6999.9
2024-05-28,50aa1699-8d55-40fe-8eec-dc020cfdd076,Smartphone,699.99,2,NO_CODE,Houston,USA,1399.98
2025-01-28,29950e7b-e492-429d-b672-e9526bbda4d2,Keyboard,89.99,8,FREESHIP,Houston,USA,719.92
2024-08-10,fd965d1f-df2d-498d-923c-59ac6ea4eee3,Smartphone,699.99,6,10OFF,Los Angeles,USA,4199.94
2025-03-12,b009f0bb-758b-4847-82b4-af0a65d22f7d,Keyboard,89.99,6,,Calgary,Canada,539.94
2024-07-09,165bdc5c-38e7-451f-b63b-3e0b636bf462,Laptop,999.99,3,20OFF,Phoenix,USA,2999.97
2024-11-19,ff4289bb-13f3-48ce-9714-72ddb0c84331,Headphones,149.99,8,10OFF,Vancouver,Canada,1199.92
2024-12-18,8aa27d13-a7e8-40fd-8250-6b17fe51ebb9,Headphones,149.99,9,NO_CODE,Phoenix,USA,1349.91
2024-10-06,df737594-0db5-43ad-ab5f-94c9a256bfa1,Headphones,149.99,9,FREESHIP,Manchester,UK,1349.91
2025-03-21,47fd38d7-d957-43dc-9b3e-1c2d6f867111,Smartphone,699.99,5,10OFF,Calgary,Canada,3499.95
2025-01-05,8c64daa1-da63-40ab-b59e-d972d4ed5a70,Headphones,149.99,7,20OFF,Calgary,Canada,1049.93
2025-05-08,0f1fc9c6-f47c-483c-971b-54fdfd910f15,Monitor,249.99,10,20OFF,Houston,USA,2499.9
2024-08-23,d1d19bca-c7fa-497e-b2de-6d7da280df8a,Headphones,149.99,3,,Glasgow,UK,449.97
2025-04-21,17bde652-4ece-441d-a17f-5ac277290c84,Headphones,149.99,5,NO_CODE,Calgary,Canada,749.95
2024-11-22,0ac1a046-c7f1-4ab8-8919-7027ee2d5f1d,Laptop,999.99,4,NO_CODE,London,UK,3999.96
2024-11-06,fd71db62-1af2-43cc-ab34-335d5a3aacdb,Laptop,999.99,8,FREESHIP,Ottawa,Canada,7999.92
2025-01-25,ecadd95b-2952-4ce3-bf71-f678d92f5aed,Smartphone,699.99,3,10OFF,Houston,USA,2099.97
2024-12-10,02d95e50-6fa9-4a8f-96ff-9f28fda7dd66,Keyboard,89.99,3,20OFF,Montreal,Canada,269.97
2024-08-10,cab94d07-b026-4c33-bf38-00eba5cd1e71,Keyboard,89.99,1,FREESHIP,London,UK,89.99
2025-03-08,aac42f35-1563-4a6e-affc-c85bcaba379b,Smartphone,699.99,1,20OFF,Los Angeles,USA,699.99
2025-01-09,33c6ed9b-248b-4e67-a64e-971cafa9d78c,Monitor,249.99,7,NO_CODE,London,UK,1749.93
2025-03-05,62c22116-af2e-43e3-a6be-9ec15789c2c5,Headphones,149.99,9,10OFF,Los Angeles,USA,1349.91
2025-04-23,40de0f18-889c-4547-8856-ea15b1926272,Smartphone,699.99,3,FREESHIP,Houston,USA,2099.97
2024-12-22,baf536e3-0a00-40f1-a68e-51b547b1106a,Keyboard,89.99,6,10OFF,Birmingham,UK,539.94
2025-03-07,b7d0c802-fc86-4740-ae4b-2077edd51861,Monitor,249.99,4,FREESHIP,Toronto,Canada,999.96
2024-06-09,7bc5f43b-cd20-4b75-847a-2848a77ac245,Keyboard,89.99,2,,Vancouver,Canada,179.98
2024-10-05,de6f4cbb-220c-43e0-8905-0a14409c6f69,Smartphone,699.99,8,,Ottawa,Canada,5599.92
2024-11-03,76dc7f90-ff24-47d6-b608-ee40d35d859c,Keyboard,89.99,6,FREESHIP,Montreal,Canada,539.94
2024-07-28,44ab0172-566c-4920-8985-0bf49bd86c07,Keyboard,89.99,4,NO_CODE,Glasgow,UK,359.96
2024-12-27,0d25b18e-9dc3-4e79-a64e-1d0bf84103a6,Smartphone,699.99,6,10OFF,Leeds,UK,4199.94
2024-09-18,8633864f-2c3c-4a88-8de4-a67dad68c007,Headphones,149.99,9,10OFF,Manchester,UK,1349.91
2024-07-08,ab40d1e5-87f8-4cab-826b-c99a136317fc,Monitor,249.99,5,20OFF,Montreal,Canada,1249.95
2025-04-17,3bf5445d-5cde-4bd9-a4c1-3b787cb901ed,Headphones,149.99,2,,Houston,USA,299.98
2025-05-08,55b60346-51d5-4dbe-825d-8d4317c874f0,Headphones,149.99,9,10OFF,London,UK,1349.91
2025-05-22,af62ef9d-81c9-4419-9587-032c1f28397f,Keyboard,89.99,2,10OFF,Los Angeles,USA,179.98
2024-09-04,fc622fe9-7da1-4566-ab5c-adaac8dd1c9d,Smartphone,699.99,6,20OFF,Glasgow,UK,4199.94
2024-12-26,0faa2980-a37c-4c57-ad28-44d3bbeb8b16,Laptop,999.99,10,,Los Angeles,USA,9999.9
2024-09-17,dd91bb1d-c2f1-43d0-9e96-e52ad71ca98c,Keyboard,89.99,3,10OFF,Phoenix,USA,269.97
2024-12-20,346e5a2e-5765-45d4-abee-a5ea05cf3b67,Laptop,999.99,3,NO_CODE,Los Angeles,USA,2999.97
2024-08-30,8a082ca6-120b-4fc2-b993-da0988845b5e,Smartphone,699.99,1,20OFF,Birmingham,UK,699.99
2024-11-21,1f2d8915-40ec-4391-835f-48befac2e172,Laptop,999.99,3,20OFF,Vancouver,Canada,2999.97
2024-06-15,f75d4301-c637-4be5-94a9-56bccac5a121,Laptop,999.99,9,FREESHIP,Ottawa,Canada,8999.91
2024-10-02,b4c79e43-8106-4984-afdb-0c3b8b68021f,Laptop,999.99,7,,Glasgow,UK,6999.93
2024-12-27,e62dfa6d-e683-447c-873e-6d0a5ad0440e,Keyboard,89.99,10,NO_CODE,Phoenix,USA,899.9
2024-07-02,e2394885-ae24-49eb-9e28-7a81bc3c1f9a,Smartphone,699.99,7,10OFF,Los Angeles,USA,4899.93
2025-04-15,918bda45-980e-4d72-b129-2d328563550f,Smartphone,699.99,3,20OFF,Vancouver,Canada,2099.97
2025-02-13,4aed1dfd-f9c0-4ebf-8bf8-dff9f85051dd,Laptop,999.99,1,NO_CODE,Ottawa,Canada,999.99
2025-02-24,619cbe76-cbb8-43d8-8902-deffecd6a029,Monitor,249.99,1,10OFF,Toronto,Canada,249.99
2024-12-20,91860679-3ace-4319-9c0a-5e3b4f193d1e,Smartphone,699.99,8,10OFF,Montreal,Canada,5599.92
2024-08-20,de0b7357-1687-4ac3-a7c9-f20a98c67a47,Smartphone,699.99,10,FREESHIP,Calgary,Canada,6999.9
2025-01-22,17a00d88-497f-42f7-a638-bae006fa1f31,Smartphone,699.99,7,,Leeds,UK,4899.93
2024-07-13,bf70189e-8eb6-4b40-8edf-2d8350927086,Headphones,149.99,10,,Manchester,UK,1499.9
2025-05-24,1cc450d2-6973-426c-94aa-346151eb2b12,Monitor,249.99,8,,Phoenix,USA,1999.92
2024-12-05,47ab2a04-40b6-4f63-83f8-ee6b9c019637,Laptop,999.99,3,10OFF,Manchester,UK,2999.97
2024-10-22,fcc7d163-9ff0-446e-8194-d578947e97f6,Keyboard,89.99,6,,Manchester,UK,539.94
2025-02-07,d6a99c55-e0ce-4fac-b60e-e3a36c55393c,Keyboard,89.99,6,,Calgary,Canada,539.94
2024-12-21,079a2cb5-3a7e-4aa1-9512-f5e409d4d0da,Keyboard,89.99,8,NO_CODE,New York,USA,719.92
2024-12-05,2cc3f535-17d8-43be-8448-140d1bc5f9b4,Headphones,149.99,10,20OFF,Chicago,USA,1499.9
2024-11-09,44f55b69-b7b6-41ff-ba3b-a8df31a3b4a8,Keyboard,89.99,6,NO_CODE,Chicago,USA,539.94
2025-03-02,b830dd18-4127-4963-bf3b-8e639b004478,Monitor,249.99,10,FREESHIP,Calgary,Canada,2499.9
2025-02-25,7f1fa83e-75ef-4de9-9747-368280c7bb41,Smartphone,699.99,5,,London,UK,3499.95
2024-09-07,fcd93a0c-3b6e-4964-b07b-1f70415c83fe,Keyboard,89.99,5,10OFF,Manchester,UK,449.95
2024-09-18,15fd16de-6031-40b4-a265-2dd5c1fc38ff,Keyboard,89.99,4,,Los Angeles,USA,359.96
2024-07-11,e16f1b0a-a261-4fbb-9e46-c552273a5d7f,Monitor,249.99,8,,Phoenix,USA,1999.92
2024-07-21,d30d37c6-4446-4b38-9795-a1ca0a611278,Monitor,249.99,2,10OFF,Leeds,UK,499.98
2025-03-24,8b959717-6b76-4e12-ac70-aed26faeed79,Headphones,149.99,7,20OFF,Vancouver,Canada,1049.93
2025-01-19,75e4442b-b20b-4e49-93be-85a380d229c8,Headphones,149.99,3,FREESHIP,Vancouver,Canada,449.97
2025-02-07,fbfe21db-b09d-456b-bbfc-114f94705174,Monitor,249.99,1,20OFF,Glasgow,UK,249.99
2024-07-30,b5700f80-2921-4069-9d8a-e967018224ae,Headphones,149.99,10,10OFF,Vancouver,Canada,1499.9
2024-08-04,42aa7d2a-471e-49ab-8b57-8effe682ef93,Monitor,249.99,6,,Leeds,UK,1499.94
2025-05-13,8e49ff6e-1d2e-43d8-b31c-dbe83c7473f2,Keyboard,89.99,7,FREESHIP,Ottawa,Canada,629.93
2025-01-25,6b3eeeb0-0759-4983-836c-d881cbc37ea3,Headphones,149.99,6,10OFF,London,UK,899.94
2025-02-13,373c8196-2ea6-421e-ba38-8b83c085ed28,Keyboard,89.99,6,FREESHIP,Toronto,Canada,539.94
2024-11-07,0c78f3da-a25f-4af2-a9e0-c6cfee86e823,Smartphone,699.99,2,NO_CODE,Leeds,UK,1399.98
2024-08-25,a552dcc8-eb70-4722-bfe9-ff4aeff34333,Monitor,249.99,5,20OFF,Chicago,USA,1249.95
2024-09-05,b197748e-3c51-48d2-a91f-ae2e6f00dbfe,Keyboard,89.99,2,FREESHIP,Houston,USA,179.98
2024-09-27,9269f66b-53c4-41b4-a7e0-be6e388d9f52,Laptop,999.99,10,FREESHIP,Glasgow,UK,9999.9
2025-03-02,06a9d6ba-dea8-4486-b776-1fa18b1f1c19,Laptop,999.99,7,FREESHIP,Vancouver,Canada,6999.93
2025-04-25,824ba817-58b5-44d0-82ed-65d93009fbfd,Smartphone,699.99,1,NO_CODE,Birmingham,UK,699.99
2025-03-05,670fb215-f375-4d70-87b2-d9ab30a1994a,Headphones,149.99,4,10OFF,Los Angeles,USA,599.96
2025-01-30,13b64997-82f6-4383-b050-5efe705843ba,Headphones,149.99,8,10OFF,New York,USA,1199.92
2025-05-03,0e18e698-0f58-41fa-8863-bddef115d431,Keyboard,89.99,7,20OFF,Toronto,Canada,629.93
2024-06-05,149a6801-b2a9-4e6e-9d0a-1c2f19a85ddd,Keyboard,89.99,3,NO_CODE,London,UK,269.97
2025-04-16,48f0e253-b2fc-405c-a83b-808cd58073a4,Laptop,999.99,9,FREESHIP,Manchester,UK,8999.91
2024-12-23,4c9f9444-4e6b-4fe3-8cbb-d56b56a4069a,Keyboard,89.99,5,10OFF,New York,USA,449.95
2024-06-10,9287fcb3-9252-478a-af79-c4f9ebc534b0,Laptop,999.99,8,20OFF,Phoenix,USA,7999.92
2025-03-01,12aba98e-23e4-49bb-9a43-9c3501f1784d,Keyboard,89.99,2,NO_CODE,Montreal,Canada,179.98
2024-06-17,8410235b-e56f-4fbe-9b3a-7868d3a08602,Monitor,249.99,5,20OFF,Birmingham,UK,1249.95
2025-01-01,c666642a-3a7b-4a09-a10d-ffb0b7ccf0e4,Smartphone,699.99,2,10OFF,Houston,USA,1399.98
2024-07-18,298c3ac5-c0e1-436f-a24e-fa2513451937,Monitor,249.99,6,20OFF,Glasgow,UK,1499.94
2025-04-12,7b86ed0f-dbc7-4574-8b00-489344b4e2e3,Monitor,249.99,4,20OFF,Los Angeles,USA,999.96
2024-07-13,716c4562-e306-4a9f-a4b4-c390ea64156c,Keyboard,89.99,6,NO_CODE,Montreal,Canada,539.94
2025-02-07,82e57f22-fe63-4359-90e4-68c4e5e99534,Laptop,999.99,5,10OFF,Ottawa,Canada,4999.95
2025-01-24,3da050a1-9d08-44da-96b3-b573c469c4a9,Keyboard,89.99,1,FREESHIP,New York,USA,89.99
2025-03-05,ebf21b2f-b8c5-4d58-b5d4-f04ff53eafa0,Smartphone,699.99,8,10OFF,Calgary,Canada,5599.92
2024-12-15,c97b9368-526f-495c-85ea-4ed736ab0cbe,Laptop,999.99,10,,Chicago,USA,9999.9
2024-07-29,522d468b-3c4f-401d-ab60-c5145ad1eb05,Smartphone,699.99,9,NO_CODE,Leeds,UK,6299.91
2025-02-25,cc25d048-1745-4a7f-b0f8-170ec673ebf7,Monitor,249.99,3,FREESHIP,Montreal,Canada,749.97
2024-08-23,9075b06a-be92-40c3-b665-121861864272,Keyboard,89.99,7,FREESHIP,Toronto,Canada,629.93
2024-07-08,892e8305-9f41-4321-9cb3-5d9ebb9768f1,Laptop,999.99,6,20OFF,Houston,USA,5999.94
2025-04-16,2eee40f8-de83-4cce-9b8f-558c7cb16c63,Smartphone,699.99,3,,London,UK,2099.97
2025-04-11,d4268b6f-3503-4d68-9b5f-599d5cb1fec1,Smartphone,699.99,4,FREESHIP,Ottawa,Canada,2799.96
2024-11-20,0896d268-b0b1-48a4-9c9c-fe794da60469,Headphones,149.99,3,FREESHIP,Chicago,USA,449.97
2024-11-16,55ab83aa-911e-46d1-9a2b-0b8948c0ba6d,Smartphone,699.99,10,10OFF,Manchester,UK,6999.9
2024-08-28,13fb8a45-3f0e-4e9b-b42f-bb7288a97434,Headphones,149.99,5,10OFF,Ottawa,Canada,749.95
2025-03-23,239b37c3-80dc-49fe-9f76-d59926823976,Headphones,149.99,6,20OFF,Los Angeles,USA,899.94
2025-01-23,a3706e64-b210-4d1c-bc71-b79ac4eeb015,Headphones,149.99,5,10OFF,Manchester,UK,749.95
2025-01-04,8b5a6e24-7929-4386-a047-88f36e67e7f4,Laptop,999.99,8,10OFF,Chicago,USA,7999.92
2025-03-29,4575dacc-9503-4fb3-88e0-c130d27c6f78,Laptop,999.99,1,,Ottawa,Canada,999.99
2024-09-07,27323a05-5373-4988-b993-8e608fabfc6f,Keyboard,89.99,8,20OFF,Ottawa,Canada,719.92
2024-08-22,883faa05-aae4-4d76-85dd-79d4bae97e27,Keyboard,89.99,4,,Birmingham,UK,359.96
2024-06-18,f7844e95-eb01-4d27-864e-b5242f27f648,Monitor,249.99,10,,Glasgow,UK,2499.9
2024-12-17,cde6ff69-8898-4bc0-81a1-6403440fb325,Keyboard,89.99,10,FREESHIP,Los Angeles,USA,899.9
2024-12-27,0322a6d6-1cd8-4e58-bb8b-90060298101c,Keyboard,89.99,5,FREESHIP,Leeds,UK,449.95
2024-09-17,314dee3b-5a76-490a-836e-6acb88bdd43c,Keyboard,89.99,9,FREESHIP,Birmingham,UK,809.91
2024-07-24,eb47a5c9-9a03-487f-a404-f476a6ff5ed5,Smartphone,699.99,5,20OFF,Ottawa,Canada,3499.95
2024-09-27,574c1e16-f70d-4c93-8826-ea0106f67f37,Monitor,249.99,9,,Calgary,Canada,2249.91
2024-07-17,e424c4ce-fcc5-4257-8ea2-9ad86c9c646c,Monitor,249.99,3,10OFF,Phoenix,USA,749.97
2024-08-12,6f4e3e3b-5a77-4823-ae35-3e97b8d3923d,Keyboard,89.99,8,,Manchester,UK,719.92
2025-02-25,59f18819-6d73-488d-b179-e1804b8b2eef,Monitor,249.99,2,FREESHIP,New York,USA,499.98
2025-01-06,e0cb254b-888a-423f-8844-3098b351cb59,Smartphone,699.99,3,10OFF,Phoenix,USA,2099.97
2024-06-05,529c9e09-96ce-4719-8d96-6a3f1e5d5b95,Smartphone,699.99,6,FREESHIP,Calgary,Canada,4199.94
2025-05-26,53435cd7-47bc-4e49-a3f2-c1d538faeeae,Keyboard,89.99,1,,Toronto,Canada,89.99
2025-03-03,a1c4c281-f6ad-48ba-984f-1c604de69b8a,Smartphone,699.99,7,NO_CODE,Ottawa,Canada,4899.93
2024-08-03,28f6e8f3-5d67-4f13-9923-1e01a61110c8,Keyboard,89.99,7,NO_CODE,Ottawa,Canada,629.93
2025-04-04,dbb8d4e7-1546-4bcc-be1f-5ee77c6349f2,Laptop,999.99,4,20OFF,Los Angeles,USA,3999.96
2025-05-12,026a3338-1344-4f9e-8a72-ea9503997397,Smartphone,699.99,5,20OFF,Glasgow,UK,3499.95
2024-12-10,f7054c50-ba30-4afa-bf14-b1b89fd03e74,Smartphone,699.99,6,,Glasgow,UK,4199.94
2024-12-21,dbdc6ce8-ad21-452a-a34c-003ea758fa20,Smartphone,699.99,2,10OFF,Toronto,Canada,1399.98
2024-09-23,05946cd1-da04-4aea-9d09-e7ad47dacf87,Monitor,249.99,2,FREESHIP,Glasgow,UK,499.98
2024-12-27,1cc1c955-65eb-4967-a6d5-a4a66c53eb5c,Laptop,999.99,9,,Montreal,Canada,8999.91
2024-08-10,4f16c542-b44d-4b94-beeb-6011bff5ed6c,Monitor,249.99,6,,Ottawa,Canada,1499.94
2024-07-11,69381bcd-7fdb-4388-b57d-02f1d20afb1f,Laptop,999.99,2,,Ottawa,Canada,1999.98
2024-09-21,e1a3c152-d0e6-4c4a-8087-1542fd9be0d6,Headphones,149.99,7,20OFF,Houston,USA,1049.93
2024-06-05,17502e76-5591-43ea-8b5d-9728e9521be6,Keyboard,89.99,6,NO_CODE,Manchester,UK,539.94
2024-11-21,f1d3070d-6f42-4208-9044-44f29b737365,Smartphone,699.99,2,20OFF,Glasgow,UK,1399.98
2024-12-09,50083a7d-03d7-418f-881f-6a41e3657b52,Headphones,149.99,10,FREESHIP,Ottawa,Canada,1499.9
2024-08-25,3c19f7b3-593b-48cc-a15f-2cd9c42eca32,Monitor,249.99,3,,Calgary,Canada,749.97
2024-09-28,91a05681-7e95-4108-b3ae-fdd63ac2ca88,Laptop,999.99,4,10OFF,Vancouver,Canada,3999.96
2024-09-10,994f7c70-14a0-48ea-a321-92c6c9099843,Headphones,149.99,3,10OFF,Houston,USA,449.97
2025-01-11,fa51df10-84db-40ab-8aaa-7a6024219485,Headphones,149.99,1,,Manchester,UK,149.99
2024-12-28,0da782ca-2b1e-455c-8452-f53ed6c21b2d,Smartphone,699.99,4,NO_CODE,Vancouver,Canada,2799.96
2024-10-06,8c553e6e-7205-46f2-8b5a-a84871737d06,Headphones,149.99,7,NO_CODE,Chicago,USA,1049.93
2024-12-22,3b89134a-3d55-405b-9d76-67b0c00eebdf,Smartphone,699.99,3,20OFF,Phoenix,USA,2099.97
2025-02-09,e3dc3cff-651d-4908-9ff8-157979bc567c,Headphones,149.99,2,,Birmingham,UK,299.98
2025-01-20,7a11ed0d-8944-4005-b3a0-b4987ac9366d,Laptop,999.99,5,FREESHIP,Los Angeles,USA,4999.95
2024-09-14,060f74fa-b9cb-4d96-b13e-25c8f4e4ca42,Headphones,149.99,4,FREESHIP,Toronto,Canada,599.96
2025-04-14,59b4485e-6ef2-4efe-9b1c-fd34a845ff3f,Laptop,999.99,3,,Leeds,UK,2999.97
2024-11-22,95d05bcb-33d4-470d-8321-b2f2faac12f6,Monitor,249.99,6,20OFF,Montreal,Canada,1499.94
2024-09-03,1b1c8124-bd45-41dc-baab-6a62497bf956,Headphones,149.99,9,,Calgary,Canada,1349.91
2024-05-31,4d02c778-bc11-4817-b2f3-5da679abd5e1,Monitor,249.99,9,NO_CODE,Phoenix,USA,2249.91
2024-12-25,3af953de-b58c-464e-9bc1-eb445c01f51b,Monitor,249.99,2,10OFF,London,UK,499.98
2025-03-13,8290854d-e8f9-449c-acf2-5e53a4aba845,Keyboard,89.99,3,NO_CODE,Phoenix,USA,269.97
2024-07-12,076b4b59-f9bf-4ab5-a2da-1164ff8f95e8,Smartphone,699.99,10,10OFF,New York,USA,6999.9
2024-12-23,678bd816-3e22-4346-9363-dc1ff3ef225c,Headphones,149.99,2,,Los Angeles,USA,299.98
2024-06-08,56116598-e9f6-4d35-9ba3-b93e86e6eba4,Laptop,999.99,6,FREESHIP,New York,USA,5999.94
2024-11-12,a1f435aa-2f3c-4603-bf95-ce9ed1de4ce5,Monitor,249.99,9,20OFF,New York,USA,2249.91
2024-08-01,b9a72400-96fe-4acd-853c-e25c1f641c9d,Laptop,999.99,8,FREESHIP,Manchester,UK,7999.92
2024-06-20,f7d9c7b8-4d20-4427-8eec-331b9418951c,Monitor,249.99,2,,New York,USA,499.98
2025-02-18,9290a51f-c8cd-48a7-87d8-94250353cc01,Monitor,249.99,7,,Birmingham,UK,1749.93
2024-12-12,6283ce4d-0db1-4608-aed5-18b5279ea417,Smartphone,699.99,8,10OFF,Houston,USA,5599.92
2024-10-10,cd365617-a8fe-4720-98b6-163b75f81bf7,Laptop,999.99,9,20OFF,Ottawa,Canada,8999.91
2025-01-17,65219c72-dab4-4031-b6cd-d83c315d9318,Monitor,249.99,2,20OFF,Montreal,Canada,499.98
2025-03-20,9251dcfb-fd87-4866-8869-4df1b28f5884,Monitor,249.99,4,10OFF,Toronto,Canada,999.96
2025-04-06,6737ecb7-4aaf-436c-bf5d-a47bebdffe2b,Laptop,999.99,7,NO_CODE,London,UK,6999.93
2024-06-10,d2651f83-f3d3-41fd-9a05-b6770a9f07c1,Smartphone,699.99,10,FREESHIP,London,UK,6999.9
2025-05-07,7271c01e-f25c-4b03-8108-79067225b7b8,Monitor,249.99,10,,Leeds,UK,2499.9
2024-08-23,8b9225fc-eea1-4a2f-8580-14eb8bf6e4ea,Monitor,249.99,4,NO_CODE,Ottawa,Canada,999.96
2024-11-11,6e0b456a-7f92-4bbb-b2e2-309b1e340364,Laptop,999.99,9,20OFF,Houston,USA,8999.91
2024-12-10,7baf408f-5595-485a-b7c3-191d084126b4,Keyboard,89.99,8,NO_CODE,Calgary,Canada,719.92
2024-09-10,7023cc15-8c62-4023-98d5-763d5cd75cb3,Laptop,999.99,7,,New York,USA,6999.93
2024-09-29,c6ad7c9e-4052-426b-aaef-696ec42d17a5,Monitor,249.99,6,,Los Angeles,USA,1499.94
2024-12-03,d725e608-8e6b-4192-a00b-53c39988c53e,Monitor,249.99,3,10OFF,Los Angeles,USA,749.97
2024-06-27,5a3252e7-d729-46d5-bd83-8340976402c2,Headphones,149.99,6,10OFF,Leeds,UK,899.94
2024-07-21,31415134-944d-4826-8fa5-bef54963205b,Headphones,149.99,9,20OFF,Vancouver,Canada,1349.91
2024-12-21,6b16ba5e-2856-433d-a691-473a686e5c7e,Keyboard,89.99,2,FREESHIP,New York,USA,179.98
2024-06-03,7a7a0384-2cd8-4cb8-add4-20f021636aa8,Headphones,149.99,9,NO_CODE,Manchester,UK,1349.91
2024-09-10,34fad1dc-d8b2-46f5-bac3-33ec474e0e04,Headphones,149.99,7,20OFF,Toronto,Canada,1049.93
2025-01-05,363cfaf0-cf8f-4f07-8d08-76a4670360d5,Laptop,999.99,10,10OFF,Toronto,Canada,9999.9
2024-09-24,ec86ccfe-4206-4088-9bfb-2296a94eddc5,Laptop,999.99,2,20OFF,Toronto,Canada,1999.98
2025-01-15,92e52de1-e409-4cba-83c9-9fd9b82e70b9,Keyboard,89.99,7,10OFF,Chicago,USA,629.93
2025-03-10,dc1c98ee-3dec-4614-a377-eaba4b08e163,Monitor,249.99,3,20OFF,Vancouver,Canada,749.97
2024-07-03,646604c5-a7fe-46c5-9616-437a200bcfb1,Smartphone,699.99,5,,Manchester,UK,3499.95
2025-02-01,04cb66a5-c2a4-4ad9-a1c0-f12cb5c96ef6,Smartphone,699.99,8,,Ottawa,Canada,5599.92
2025-04-29,852b2a70-dfdb-4d13-8a89-209cfeb68ef8,Smartphone,699.99,8,FREESHIP,Phoenix,USA,5599.92
2024-06-18,c048502b-5792-40a0-a0a4-90bf3b8d8581,Smartphone,699.99,3,,London,UK,2099.97
2024-09-11,8c8c4768-0e5e-4f5d-8236-784f05e309fd,Laptop,999.99,9,10OFF,Leeds,UK,8999.91
2025-05-03,3c5d27e7-7f2b-45a4-927e-989ff873ef36,Laptop,999.99,1,NO_CODE,Birmingham,UK,999.99
2024-08-22,f788537a-f298-4546-a617-4a0f868a70fe,Laptop,999.99,1,20OFF,Glasgow,UK,999.99
2024-06-21,f570417d-71e0-4592-bc86-3c00affdcf5b,Laptop,999.99,3,FREESHIP,Calgary,Canada,2999.97
2025-05-16,316db940-8096-429e-92f7-225c4b7ecd7d,Smartphone,699.99,1,NO_CODE,Chicago,USA,699.99
2024-05-30,db8267f7-ee41-4524-8258-47539f432605,Smartphone,699.99,9,,Montreal,Canada,6299.91
2025-01-30,934b2c21-2a51-47a9-8555-0433b3776b63,Laptop,999.99,1,,Houston,USA,999.99
2025-03-27,b46c5593-268f-4cd2-9e59-72b2b1ed2791,Keyboard,89.99,8,20OFF,Manchester,UK,719.92
2025-02-19,84f9346b-5141-4efe-9663-31fd1dc3abd8,Headphones,149.99,5,20OFF,Montreal,Canada,749.95
2024-06-13,5ba2b0bc-bf22-4c89-9441-ba85eec37eff,Keyboard,89.99,7,20OFF,Ottawa,Canada,629.93
2025-05-12,eccc2f31-2922-4917-b06e-8234b21d1294,Smartphone,699.99,7,20OFF,Chicago,USA,4899.93
2024-11-08,6dbca148-d599-4df2-8502-b87701a92ca2,Headphones,149.99,4,,Montreal,Canada,599.96
2025-05-06,68cd314c-cfe6-4540-8872-04f39972e1c8,Laptop,999.99,9,FREESHIP,Birmingham,UK,8999.91
2024-06-22,4834f388-bcc1-481c-a4ce-cfbf78026116,Headphones,149.99,8,NO_CODE,Leeds,UK,1199.92
2024-06-04,6379c74a-ffb3-4032-820a-6623949e45d5,Smartphone,699.99,10,NO_CODE,Los Angeles,USA,6999.9
2025-03-06,275ad103-855b-48a4-a52c-c748a88ff48e,Monitor,249.99,7,10OFF,Houston,USA,1749.93
2024-11-19,7ef7b5bf-79d2-45d9-9d06-89b1ef5cb2a2,Headphones,149.99,5,FREESHIP,Toronto,Canada,749.95
2025-05-17,bd437a6a-4a29-4cb3-adac-223e64803aa5,Smartphone,699.99,4,10OFF,Calgary,Canada,2799.96
2024-12-07,6ce1ad8c-74c7-4afa-92a5-fa501171f4fa,Laptop,999.99,10,FREESHIP,Chicago,USA,9999.9
2025-01-28,d505bcff-fc43-4f5f-86cb-664430aa1488,Smartphone,699.99,7,,Manchester,UK,4899.93
2025-02-19,2c272fa4-efd2-405a-9b71-c30bed86fac3,Monitor,249.99,10,10OFF,Montreal,Canada,2499.9
2024-09-11,ab992e77-d401-4e02-8b98-434f1eaedd0f,Smartphone,699.99,6,FREESHIP,Phoenix,USA,4199.94
2024-10-27,44d5253b-317b-49f1-b3f4-72bc66211579,Monitor,249.99,2,FREESHIP,London,UK,499.98
2024-07-11,7b8c0952-bd5e-40f6-9e8a-5b0d19ff41c1,Smartphone,699.99,9,,Chicago,USA,6299.91
2024-06-07,5a2cee4d-a1a7-42d5-a262-5aea7e7bb1bb,Smartphone,699.99,4,FREESHIP,Leeds,UK,2799.96
2024-11-19,f1a8942d-5c29-48d8-890b-a71416d2f3c9,Keyboard,89.99,4,10OFF,Calgary,Canada,359.96
2024-10-21,4148911d-9b89-43ff-9da5-de894b1c900b,Monitor,249.99,7,FREESHIP,Leeds,UK,1749.93
2024-10-02,b24c9023-180f-4762-8e17-626d8cf2263c,Keyboard,89.99,1,NO_CODE,Montreal,Canada,89.99
2024-09-27,f963bdd2-f6b2-4506-94bd-456d0b938317,Headphones,149.99,3,NO_CODE,New York,USA,449.97
2025-03-16,40272b19-30d9-412d-8190-5b523c488333,Monitor,249.99,9,20OFF,Calgary,Canada,2249.91
2024-10-06,4e2ffb19-25c8-4222-96b1-fead379936e5,Keyboard,89.99,4,NO_CODE,London,UK,359.96
2024-10-25,27e92a92-d861-4c2d-8e1c-cac65e4ccb21,Keyboard,89.99,3,NO_CODE,Los Angeles,USA,269.97
2024-06-16,33eee7b6-a067-4b1a-872a-5047ae8b5691,Laptop,999.99,3,NO_CODE,Vancouver,Canada,2999.97
2025-04-06,6c4b0f27-f879-4d05-9647-f43d7328eec2,Monitor,249.99,4,10OFF,Manchester,UK,999.96
2025-05-11,85f39cfd-bedf-4237-8d1c-04ba18866b96,Monitor,249.99,9,10OFF,Los Angeles,USA,2249.91
2025-03-01,7f9f1f92-916e-41ad-b27b-b9eee5c19c7c,Monitor,249.99,9,20OFF,Vancouver,Canada,2249.91
2024-07-09,bac40f4f-17e0-43d5-a8f9-bc304c9797c8,Smartphone,699.99,10,FREESHIP,Ottawa,Canada,6999.9
2024-08-10,ac1e7add-be8e-476b-ba69-deeae7834fd9,Headphones,149.99,6,10OFF,New York,USA,899.94
2024-06-02,887bb532-2927-46de-a505-4dd6d7351e81,Smartphone,699.99,6,,Los Angeles,USA,4199.94
2024-11-29,c5af70b5-869a-450d-9a75-fef28e358591,Monitor,249.99,4,,Glasgow,UK,999.96
